name,family,size_order,stress_method,stress_workers,stress_total_rounds,stress_total_inferences,stress_inferences_succeeded,stress_passed,stress_elapsed_s,stress_throughput_imgs_per_s,lat_gpu_orig_p50_ms,lat_gpu_patched_p50_ms,lat_gpu_overhead_p50_ms,lat_gpu_orig_mean_ms,lat_gpu_patched_mean_ms,map_orig_50_95,map_patched_50_95,delta_map_50_95,map_orig_50,map_patched_50
yolov3u,yolov3,0,chunked-10x500r,128,5000,640000,640000,True,2397.85,266.9,5.683,5.57,-0.113,5.797,5.879,0.6242179273900328,0.6242179273900328,0.0,0.7856730601766803,0.7856730601766803
yolov3-tinyu,yolov3,1,single-128w-5000r,128,5000,640000,640000,True,752.7,850.3,1.622,1.625,0.003,1.747,1.757,0.3930038068625659,0.3930038068625659,0.0,0.565984021781691,0.565984021781691
yolov5nu,yolov5,2,single-128w-5000r,128,5000,640000,640000,True,1311.74,487.9,3.1,3.13,0.03,3.198,3.198,0.4132918002883079,0.4132918002883079,0.0,0.5723650838203101,0.5723650838203101
yolov5su,yolov5,3,single-128w-5000r,128,5000,640000,640000,True,936.32,683.5,2.86,3.191,0.331,3.048,3.355,0.5608569560268885,0.5608569560268885,0.0,0.7322809264942371,0.7322809264942371
yolov5mu,yolov5,4,single-128w-5000r,128,5000,640000,640000,True,1279.45,500.2,4.378,4.393,0.015,4.551,4.509,0.599838969836628,0.599838969836628,0.0,0.7669842638552441,0.7669842638552441
yolov5lu,yolov5,5,single-128w-5000r,128,5000,640000,640000,True,1691.4,378.4,4.52,4.743,0.223,4.564,5.025,0.6473716067555464,0.6473716067555464,0.0,0.8236503455362557,0.8236503455362557
yolov5xu,yolov5,6,chunked-10x500r,128,5000,640000,640000,True,2518.63,254.1,6.239,6.193,-0.046,6.295,6.26,0.657769764459183,0.657769764459183,0.0,0.8251546058432749,0.8251546058432749
yolov8n,yolov8,7,single-128w-5000r,128,5000,640000,640000,True,1482.84,431.6,2.78,2.825,0.045,2.783,2.83,0.4537076833576252,0.4537076833576252,0.0,0.6061202975254925,0.6061202975254925
yolov8s,yolov8,8,single-128w-5000r,128,5000,640000,640000,True,892.16,717.4,3.086,3.094,0.008,3.13,3.103,0.5980401071458855,0.5980401071458855,0.0,0.7726683328573629,0.7726683328573629
yolov8m,yolov8,9,single-128w-5000r,128,5000,640000,640000,True,1433.79,446.4,3.782,3.817,0.035,3.874,3.893,0.6129283241867702,0.6129283241867702,0.0,0.7775418572804389,0.7775418572804389
yolov8l,yolov8,10,single-128w-5000r,128,5000,640000,640000,True,1767.56,362.1,4.453,4.445,-0.008,4.515,4.579,0.6595086634781416,0.6595086634781416,0.0,0.8275825514051559,0.8275825514051559
yolov8x,yolov8,11,chunked-10x500r,128,5000,640000,640000,True,2335.47,274.0,5.843,5.689,-0.154,5.897,5.735,0.6656043020561766,0.6656043020561766,0.0,0.821773879172002,0.821773879172002
yolov9t,yolov9,12,chunked-10x500r,128,5000,640000,640000,True,1965.42,325.6,5.536,5.551,0.015,5.634,5.584,0.45626081107326905,0.45626081107326905,0.0,0.6115095455912357,0.6115095455912357
yolov9s,yolov9,13,single-128w-5000r,128,5000,640000,640000,True,1564.18,409.2,6.398,6.169,-0.229,6.758,6.318,0.583230431458495,0.583230431458495,0.0,0.7341404425904388,0.7341404425904388
yolov9m,yolov9,14,single-128w-5000r,128,5000,640000,640000,True,1687.66,379.2,4.925,6.382,1.457,5.004,6.55,0.6259578970926157,0.6259578970926157,0.0,0.7804065280724305,0.7804065280724305
yolov9c,yolov9,15,chunked-10x500r,128,5000,640000,640000,True,1760.49,363.5,5.359,5.327,-0.032,5.394,5.383,0.630305676686444,0.630305676686444,0.0,0.7990216366093277,0.7990216366093277
yolov9e,yolov9,16,chunked-10x500r,128,5000,640000,576000,False,4578.64,125.8,10.568,10.55,-0.018,10.703,10.66,0.6796376700968962,0.6796376700968962,0.0,0.8495454349180831,0.8495454349180831
yolov10n,yolov10,17,chunked-10x500r,128,5000,640000,640000,True,2212.43,289.3,2.899,3.151,0.252,2.934,3.097,0.45863110654179606,0.45844999245732737,-0.000181,0.6202811620528667,0.6202561258708029
yolov10s,yolov10,18,single-128w-5000r,128,5000,640000,640000,True,1028.91,622.0,3.391,3.441,0.05,3.455,3.469,,,,,
yolov10m,yolov10,19,single-128w-5000r,128,5000,640000,640000,True,1440.04,444.4,4.74,4.418,-0.322,5.057,4.499,,,,,
yolov10b,yolov10,20,single-128w-5000r,128,5000,640000,640000,True,1434.07,446.3,3.836,3.948,0.112,3.872,3.979,,,,,
yolov10l,yolov10,21,single-128w-5000r,128,5000,640000,640000,True,1715.63,373.0,4.581,4.73,0.149,4.593,4.737,,,,,
yolov10x,yolov10,22,chunked-10x500r,128,5000,640000,640000,True,2294.42,278.9,5.521,5.568,0.047,5.534,5.584,,,,,
yolo11n,yolo11,23,chunked-10x500r,128,5000,640000,640000,True,2356.46,271.6,3.338,3.536,0.198,3.408,3.583,0.5075536529978584,0.5074543968968256,-9.9e-05,0.6761655671921031,0.6761573966304663
yolo11s,yolo11,24,chunked-10x500r,128,5000,640000,640000,True,2635.0,242.9,3.99,3.467,-0.523,4.045,3.51,0.5782674257219517,0.5782258388025696,-4.2e-05,0.7445552453882043,0.7445471557805858
yolo11m,yolo11,25,single-128w-5000r,128,5000,640000,640000,True,1358.23,471.2,4.315,4.242,-0.073,4.388,4.326,0.6305204830853368,0.630523883678404,3e-06,0.7967350211881871,0.7967332641920546
yolo11l,yolo11,26,single-128w-5000r,128,5000,640000,640000,True,1777.94,360.0,5.004,5.019,0.015,5.056,5.051,0.640956243604432,0.6409079469193647,-4.8e-05,0.801819491571208,0.8017372369600027
yolo11x,yolo11,27,chunked-10x500r,128,5000,640000,640000,True,2484.77,257.6,6.324,6.481,0.157,6.357,6.539,0.6902033180336704,0.6899929371683905,-0.00021,0.8427981491990892,0.8427843257452937
yolo12n,yolo12,28,chunked-10x500r,128,5000,640000,640000,True,2631.97,243.2,3.547,4.476,0.929,3.667,4.537,0.5243496897824987,0.5243838247158884,3.4e-05,0.6693293040388364,0.6694009113430648
yolo12s,yolo12,29,chunked-10x500r,128,5000,640000,640000,True,2787.48,229.6,4.228,4.637,0.409,4.263,4.702,0.6038283449059966,0.6038142769070796,-1.4e-05,0.7686809279905176,0.7686574941596938
yolo12m,yolo12,30,chunked-10x500r,128,5000,640000,640000,True,1943.82,329.2,4.246,4.967,0.721,4.302,5.012,0.6516585088289838,0.6517534271660613,9.5e-05,0.8134560127947609,0.8134149455077078
yolo12l,yolo12,31,chunked-10x500r,128,5000,640000,640000,True,2891.2,221.4,6.504,7.534,1.03,6.681,7.559,0.6541604940213492,0.6540384615274042,-0.000122,0.8163908061585027,0.8163781445694908
yolo12x,yolo12,32,chunked-10x500r,128,5000,640000,640000,True,4150.35,154.2,7.821,9.863,2.042,7.857,9.866,0.6725895922809888,0.6726924487946175,0.000103,0.832075379003833,0.8320729005033434
